id;name;description;created_at
1;owlishly insert cow;embossing indeed resort;2026-01-12T15:25:12
2;as sandbar;meh on;2026-01-13T12:07:40
3;bleak;boastfully honorable;2026-01-12T23:04:55
4;than zowie;why loosely after;2026-01-12T15:36:49
5;amidst part manipulate;yawningly psst;2026-01-13T13:07:56
6;shaft because;definite outstanding than;2026-01-13T09:48:00
7;fundraising kissingly er;label rectangular;2026-01-13T08:12:11
8;instance a;spear newsprint;2026-01-13T05:21:42
9;bitterly underneath;earth delightfully following;2026-01-12T15:27:56
10;knowingly;retract whenever;2026-01-12T23:50:46
